[Header],,,,,,,,,
IEMFileVersion,4,,,,,,,,
Investigator Name,HZ,,,,,,,,
Project Name,sci_atac_drop_100k,,,,,,,,
Experiment Name,sci_atac_drop_100k,,,,,,,,
Date,7/16/2020,,,,,,,,
Workflow,Resequencing,,,,,,,,
Assay,,,,,,,,,
Description,1.5pM Libraries,,,,,,,,
Chemistry,Amplicon,,,,,,,,
,,,,,,,,,
[Reads],,,,,,,,,
50,,,,,,,,,
77,,,,,,,,,
,,,,,,,,,
[Settings],,,,,,,,,
,,,,,,,,,
[Data],,,,,,,,,
Lane,Sample_ID,Sample_Name,Sample_Plate,Sample_Well,I7_Index_ID,index,index2,SampleProject,Description
,dsciATAC_100k,dsciATAC_100k,,,,CGTACTAG,CCTAGACGCCTAGACG,,
